TimeFromStart,BlockIO,CPUPerc,Container,ID,MemPerc,MemUsage,Name,NetIO,PIDs,FileIn,FileOut
11.538869,12.3kB / 0B,27.51%,otel-collector,2b6b17a10381,24.79%,123.9MiB / 500MiB,otel-collector,5.82MB / 4.47MB,21,10833387,10874030
21.532638,12.3kB / 0B,11.56%,otel-collector,2b6b17a10381,31.26%,156.3MiB / 500MiB,otel-collector,11.9MB / 10.8MB,22,22276996,28721578
31.538938,12.3kB / 64MB,53.25%,otel-collector,2b6b17a10381,35.85%,179.2MiB / 500MiB,otel-collector,20.4MB / 18.9MB,22,37842917,51753349
41.543569,12.3kB / 102MB,21.92%,otel-collector,2b6b17a10381,36.90%,184.5MiB / 500MiB,otel-collector,29.7MB / 32MB,23,52526663,73407096
51.568262,12.3kB / 102MB,78.84%,otel-collector,2b6b17a10381,39.46%,197.3MiB / 500MiB,otel-collector,44MB / 42.8MB,23,72607763,99053858
61.578048,12.3kB / 172MB,36.61%,otel-collector,2b6b17a10381,38.24%,191.2MiB / 500MiB,otel-collector,53.2MB / 52.5MB,23,87364961,120826982
71.531731,12.3kB / 189MB,33.15%,otel-collector,2b6b17a10381,39.75%,198.7MiB / 500MiB,otel-collector,62.3MB / 62.4MB,23,103564901,145813372
81.543499,12.3kB / 232MB,41.28%,otel-collector,2b6b17a10381,38.85%,194.2MiB / 500MiB,otel-collector,72.7MB / 73.2MB,23,120488581,168434216
91.536036,12.3kB / 294MB,44.15%,otel-collector,2b6b17a10381,37.78%,188.9MiB / 500MiB,otel-collector,82.7MB / 84MB,23,137653040,194291833
101.538025,12.3kB / 341MB,32.84%,otel-collector,2b6b17a10381,37.56%,187.8MiB / 500MiB,otel-collector,93MB / 95.6MB,23,155231037,222046077
111.532118,12.3kB / 373MB,29.12%,otel-collector,2b6b17a10381,38.95%,194.8MiB / 500MiB,otel-collector,100MB / 104MB,23,167644591,241171236
121.547478,12.3kB / 405MB,41.43%,otel-collector,2b6b17a10381,39.03%,195.1MiB / 500MiB,otel-collector,110MB / 113MB,23,183614737,264924926
131.549783,16.4kB / 450MB,63.19%,otel-collector,2b6b17a10381,39.30%,196.5MiB / 500MiB,otel-collector,121MB / 124MB,23,202328197,288787011
141.533708,16.4kB / 493MB,45.52%,otel-collector,2b6b17a10381,39.83%,199.1MiB / 500MiB,otel-collector,133MB / 139MB,23,220705206,317395586
151.539944,16.4kB / 559MB,56.54%,otel-collector,2b6b17a10381,38.90%,194.5MiB / 500MiB,otel-collector,146MB / 153MB,23,241042263,347017520
161.532883,16.4kB / 609MB,59.18%,otel-collector,2b6b17a10381,38.10%,190.5MiB / 500MiB,otel-collector,157MB / 167MB,23,258688588,376042133
171.542420,16.4kB / 633MB,53.96%,otel-collector,2b6b17a10381,38.67%,193.4MiB / 500MiB,otel-collector,167MB / 178MB,23,275301746,402730958
181.530581,16.4kB / 677MB,49.31%,otel-collector,2b6b17a10381,37.96%,189.8MiB / 500MiB,otel-collector,177MB / 188MB,23,290276504,423255721
191.542151,20.5kB / 721MB,27.67%,otel-collector,2b6b17a10381,38.76%,193.8MiB / 500MiB,otel-collector,187MB / 199MB,23,306967505,449021265
201.542766,20.5kB / 763MB,41.07%,otel-collector,2b6b17a10381,39.46%,197.3MiB / 500MiB,otel-collector,197MB / 211MB,23,324375291,473723395
211.532633,20.5kB / 809MB,68.33%,otel-collector,2b6b17a10381,38.36%,191.8MiB / 500MiB,otel-collector,208MB / 223MB,23,340608738,499317895
221.538248,20.5kB / 850MB,63.58%,otel-collector,2b6b17a10381,39.81%,199MiB / 500MiB,otel-collector,219MB / 234MB,23,358516569,526708818
231.533241,20.5kB / 902MB,59.70%,otel-collector,2b6b17a10381,38.26%,191.3MiB / 500MiB,otel-collector,229MB / 246MB,23,376774541,552073421
241.557343,20.5kB / 942MB,36.74%,otel-collector,2b6b17a10381,39.72%,198.6MiB / 500MiB,otel-collector,239MB / 256MB,23,391557042,576034483
251.541750,28.7kB / 985MB,74.28%,otel-collector,2b6b17a10381,40.21%,201.1MiB / 500MiB,otel-collector,249MB / 268MB,23,407312738,598850541
261.541416,28.7kB / 1GB,60.72%,otel-collector,2b6b17a10381,38.77%,193.9MiB / 500MiB,otel-collector,258MB / 278MB,23,424047190,623657696
271.537068,28.7kB / 1.05GB,65.60%,otel-collector,2b6b17a10381,40.02%,200.1MiB / 500MiB,otel-collector,268MB / 289MB,23,440184811,650490848
281.535053,28.7kB / 1.09GB,66.53%,otel-collector,2b6b17a10381,39.74%,198.7MiB / 500MiB,otel-collector,278MB / 300MB,23,456632827,672181297
291.543579,28.7kB / 1.13GB,66.51%,otel-collector,2b6b17a10381,40.34%,201.7MiB / 500MiB,otel-collector,289MB / 311MB,23,473250899,696364478
301.531689,28.7kB / 1.18GB,39.12%,otel-collector,2b6b17a10381,40.52%,202.6MiB / 500MiB,otel-collector,298MB / 322MB,23,488955641,723685638
311.555708,28.7kB / 1.22GB,56.38%,otel-collector,2b6b17a10381,40.06%,200.3MiB / 500MiB,otel-collector,306MB / 331MB,23,503289431,742641399
321.526841,28.7kB / 1.24GB,50.51%,otel-collector,2b6b17a10381,41.37%,206.9MiB / 500MiB,otel-collector,316MB / 340MB,23,518275894,766252688
331.569203,28.7kB / 1.29GB,35.37%,otel-collector,2b6b17a10381,39.87%,199.3MiB / 500MiB,otel-collector,326MB / 352MB,23,535169936,789343988
341.574802,28.7kB / 1.32GB,47.75%,otel-collector,2b6b17a10381,39.13%,195.6MiB / 500MiB,otel-collector,335MB / 362MB,23,549636185,813708202
351.540660,28.7kB / 1.37GB,62.52%,otel-collector,2b6b17a10381,40.39%,202MiB / 500MiB,otel-collector,344MB / 372MB,23,565481072,835599686
361.570723,28.7kB / 1.41GB,37.51%,otel-collector,2b6b17a10381,40.48%,202.4MiB / 500MiB,otel-collector,354MB / 382MB,23,581250089,860782604
371.564195,36.9kB / 1.45GB,30.37%,otel-collector,2b6b17a10381,40.26%,201.3MiB / 500MiB,otel-collector,362MB / 392MB,23,594615920,883230814
381.537321,36.9kB / 1.49GB,52.58%,otel-collector,2b6b17a10381,39.99%,200MiB / 500MiB,otel-collector,370MB / 401MB,23,609706902,901680811
391.537376,36.9kB / 1.52GB,44.85%,otel-collector,2b6b17a10381,40.22%,201.1MiB / 500MiB,otel-collector,379MB / 411MB,23,623757288,925377813
401.534607,36.9kB / 1.56GB,30.59%,otel-collector,2b6b17a10381,39.68%,198.4MiB / 500MiB,otel-collector,388MB / 420MB,23,638238974,946223531
411.537366,36.9kB / 1.56GB,60.48%,otel-collector,2b6b17a10381,40.40%,202MiB / 500MiB,otel-collector,398MB / 431MB,23,654963366,969634460
421.539855,36.9kB / 1.63GB,56.40%,otel-collector,2b6b17a10381,40.84%,204.2MiB / 500MiB,otel-collector,408MB / 441MB,23,670239008,993801294
431.566789,45.1kB / 1.68GB,50.93%,otel-collector,2b6b17a10381,40.78%,203.9MiB / 500MiB,otel-collector,417MB / 452MB,23,686629867,1018104560
441.534481,45.1kB / 1.68GB,53.90%,otel-collector,2b6b17a10381,40.45%,202.3MiB / 500MiB,otel-collector,425MB / 461MB,23,699963435,1038524908
451.547409,45.1kB / 1.74GB,41.80%,otel-collector,2b6b17a10381,40.38%,201.9MiB / 500MiB,otel-collector,434MB / 470MB,23,713900850,1059235438
461.539474,45.1kB / 1.78GB,69.85%,otel-collector,2b6b17a10381,40.93%,204.6MiB / 500MiB,otel-collector,445MB / 482MB,23,731042139,1083450514
471.533426,45.1kB / 1.82GB,39.93%,otel-collector,2b6b17a10381,41.96%,209.8MiB / 500MiB,otel-collector,454MB / 492MB,23,746508592,1108754793
481.536390,45.1kB / 1.87GB,37.67%,otel-collector,2b6b17a10381,41.53%,207.6MiB / 500MiB,otel-collector,464MB / 502MB,23,763570828,1132758860
491.537662,53.2kB / 1.91GB,63.90%,otel-collector,2b6b17a10381,40.44%,202.2MiB / 500MiB,otel-collector,474MB / 514MB,23,780940343,1157377686
501.544085,53.2kB / 1.94GB,46.59%,otel-collector,2b6b17a10381,41.12%,205.6MiB / 500MiB,otel-collector,484MB / 525MB,23,796812050,1183447662
511.560195,53.2kB / 1.96GB,65.95%,otel-collector,2b6b17a10381,39.74%,198.7MiB / 500MiB,otel-collector,492MB / 534MB,23,810873032,1203794287
521.531654,53.2kB / 2GB,53.92%,otel-collector,2b6b17a10381,39.88%,199.4MiB / 500MiB,otel-collector,502MB / 544MB,23,826705377,1227310896
531.534452,53.2kB / 2.06GB,58.75%,otel-collector,2b6b17a10381,40.74%,203.7MiB / 500MiB,otel-collector,512MB / 555MB,23,843850927,1251154271
541.575921,53.2kB / 2.11GB,34.09%,otel-collector,2b6b17a10381,40.89%,204.5MiB / 500MiB,otel-collector,522MB / 565MB,23,859709480,1277242469
551.566423,57.3kB / 2.15GB,61.57%,otel-collector,2b6b17a10381,40.31%,201.6MiB / 500MiB,otel-collector,532MB / 577MB,23,877334164,1302445136
561.544784,57.3kB / 2.2GB,58.97%,otel-collector,2b6b17a10381,40.81%,204.1MiB / 500MiB,otel-collector,542MB / 588MB,23,893823991,1326553290
571.560823,57.3kB / 2.24GB,33.60%,otel-collector,2b6b17a10381,40.90%,204.5MiB / 500MiB,otel-collector,550MB / 597MB,23,907218202,1349793120
581.551227,57.3kB / 2.24GB,40.08%,otel-collector,2b6b17a10381,41.29%,206.5MiB / 500MiB,otel-collector,559MB / 607MB,23,923011910,1369197428
591.553266,57.3kB / 2.3GB,64.82%,otel-collector,2b6b17a10381,41.00%,205MiB / 500MiB,otel-collector,569MB / 617MB,23,938146997,1393568840
601.535971,57.3kB / 2.34GB,34.25%,otel-collector,2b6b17a10381,41.03%,205.1MiB / 500MiB,otel-collector,578MB / 627MB,23,953713539,1417875288
611.578907,65.5kB / 2.38GB,33.97%,otel-collector,2b6b17a10381,41.96%,209.8MiB / 500MiB,otel-collector,588MB / 637MB,23,970347254,1441308880
621.540126,65.5kB / 2.42GB,48.45%,otel-collector,2b6b17a10381,41.16%,205.8MiB / 500MiB,otel-collector,598MB / 649MB,23,987389237,1466311494
631.545081,65.5kB / 2.47GB,57.87%,otel-collector,2b6b17a10381,41.42%,207.1MiB / 500MiB,otel-collector,608MB / 660MB,23,1004299369,1491945852
641.536526,65.5kB / 2.49GB,46.03%,otel-collector,2b6b17a10381,41.36%,206.8MiB / 500MiB,otel-collector,616MB / 669MB,23,1016626424,1512023942
651.558389,65.5kB / 2.52GB,56.41%,otel-collector,2b6b17a10381,41.09%,205.5MiB / 500MiB,otel-collector,625MB / 678MB,23,1032341880,1535295865
661.570864,65.5kB / 2.57GB,49.14%,otel-collector,2b6b17a10381,42.28%,211.4MiB / 500MiB,otel-collector,635MB / 689MB,23,1049172166,1557988768
671.540667,69.6kB / 2.61GB,43.20%,otel-collector,2b6b17a10381,42.29%,211.4MiB / 500MiB,otel-collector,645MB / 700MB,23,1065911455,1582866575
681.537325,69.6kB / 2.66GB,54.11%,otel-collector,2b6b17a10381,40.64%,203.2MiB / 500MiB,otel-collector,655MB / 711MB,23,1082743908,1609038277
691.591806,69.6kB / 2.7GB,36.76%,otel-collector,2b6b17a10381,41.18%,205.9MiB / 500MiB,otel-collector,665MB / 722MB,23,1099088279,1633617528
701.546482,69.6kB / 2.74GB,38.88%,otel-collector,2b6b17a10381,41.70%,208.5MiB / 500MiB,otel-collector,673MB / 732MB,23,1113126298,1657350219
711.554288,69.6kB / 2.76GB,55.27%,otel-collector,2b6b17a10381,40.67%,203.4MiB / 500MiB,otel-collector,681MB / 740MB,23,1126741506,1675990483
721.537610,69.6kB / 2.8GB,54.11%,otel-collector,2b6b17a10381,41.24%,206.2MiB / 500MiB,otel-collector,690MB / 749MB,23,1141173787,1696624013
731.532944,77.8kB / 2.84GB,60.66%,otel-collector,2b6b17a10381,41.74%,208.7MiB / 500MiB,otel-collector,700MB / 759MB,23,1156814287,1721031358
741.536560,77.8kB / 2.86GB,37.98%,otel-collector,2b6b17a10381,42.34%,211.7MiB / 500MiB,otel-collector,709MB / 769MB,23,1172601434,1742916411
751.539200,77.8kB / 2.92GB,61.46%,otel-collector,2b6b17a10381,41.43%,207.1MiB / 500MiB,otel-collector,719MB / 780MB,23,1188888160,1768130518
761.548836,77.8kB / 2.97GB,56.76%,otel-collector,2b6b17a10381,41.62%,208.1MiB / 500MiB,otel-collector,729MB / 791MB,23,1205568337,1792951012
771.551150,77.8kB / 3.01GB,53.76%,otel-collector,2b6b17a10381,41.83%,209.2MiB / 500MiB,otel-collector,737MB / 800MB,23,1218356868,1816621461
781.524252,77.8kB / 3.05GB,42.51%,otel-collector,2b6b17a10381,42.48%,212.4MiB / 500MiB,otel-collector,746MB / 809MB,23,1234563108,1835805499
791.534330,81.9kB / 3.05GB,35.42%,otel-collector,2b6b17a10381,40.47%,202.3MiB / 500MiB,otel-collector,755MB / 819MB,23,1249806636,1858015618
801.544137,81.9kB / 3.11GB,61.69%,otel-collector,2b6b17a10381,41.87%,209.4MiB / 500MiB,otel-collector,765MB / 830MB,23,1265980069,1883513051
811.539097,81.9kB / 3.15GB,65.41%,otel-collector,2b6b17a10381,42.00%,210MiB / 500MiB,otel-collector,775MB / 841MB,23,1282207312,1908590149
821.548299,81.9kB / 3.2GB,66.87%,otel-collector,2b6b17a10381,42.13%,210.7MiB / 500MiB,otel-collector,784MB / 851MB,23,1298277781,1931356081
831.536044,81.9kB / 3.24GB,65.51%,otel-collector,2b6b17a10381,41.92%,209.6MiB / 500MiB,otel-collector,794MB / 862MB,23,1314106517,1956369981
841.537305,81.9kB / 3.28GB,32.60%,otel-collector,2b6b17a10381,41.96%,209.8MiB / 500MiB,otel-collector,801MB / 870MB,23,1325946997,1975321209
851.541572,90.1kB / 3.31GB,60.89%,otel-collector,2b6b17a10381,41.94%,209.7MiB / 500MiB,otel-collector,810MB / 879MB,23,1341465836,1997455157
861.541214,90.1kB / 3.35GB,51.61%,otel-collector,2b6b17a10381,41.51%,207.5MiB / 500MiB,otel-collector,819MB / 888MB,23,1355531772,2018586560
871.532639,90.1kB / 3.37GB,52.15%,otel-collector,2b6b17a10381,41.49%,207.4MiB / 500MiB,otel-collector,827MB / 898MB,23,1369728132,2038836601
881.554515,90.1kB / 3.41GB,56.63%,otel-collector,2b6b17a10381,41.64%,208.2MiB / 500MiB,otel-collector,836MB / 908MB,23,1385209534,2061348180
891.538871,90.1kB / 3.45GB,64.20%,otel-collector,2b6b17a10381,42.07%,210.4MiB / 500MiB,otel-collector,847MB / 919MB,23,1402758244,2086441944
901.565176,90.1kB / 3.5GB,38.11%,otel-collector,2b6b17a10381,41.27%,206.4MiB / 500MiB,otel-collector,855MB / 929MB,23,1416751095,2113344159
911.560246,94.2kB / 3.52GB,55.00%,otel-collector,2b6b17a10381,41.31%,206.5MiB / 500MiB,otel-collector,863MB / 937MB,23,1431004546,2130364136
921.539380,94.2kB / 3.57GB,52.50%,otel-collector,2b6b17a10381,42.13%,210.6MiB / 500MiB,otel-collector,872MB / 947MB,23,1445447324,2152021417
931.562903,94.2kB / 3.62GB,69.09%,otel-collector,2b6b17a10381,42.04%,210.2MiB / 500MiB,otel-collector,882MB / 957MB,23,1462249158,2175528840
941.546605,94.2kB / 3.62GB,40.88%,otel-collector,2b6b17a10381,42.50%,212.5MiB / 500MiB,otel-collector,891MB / 967MB,23,1477715686,2199023571
951.551759,94.2kB / 3.66GB,51.80%,otel-collector,2b6b17a10381,42.24%,211.2MiB / 500MiB,otel-collector,900MB / 978MB,23,1492610883,2222465422
961.539726,94.2kB / 3.72GB,64.10%,otel-collector,2b6b17a10381,41.51%,207.6MiB / 500MiB,otel-collector,910MB / 987MB,23,1509232736,2246042547
971.538884,102kB / 3.77GB,50.44%,otel-collector,2b6b17a10381,42.73%,213.7MiB / 500MiB,otel-collector,919MB / 997MB,23,1523931538,2269390465
981.546694,102kB / 3.8GB,49.44%,otel-collector,2b6b17a10381,41.08%,205.4MiB / 500MiB,otel-collector,928MB / 1.01GB,23,1538776983,2291012857
991.530058,102kB / 3.84GB,42.59%,otel-collector,2b6b17a10381,42.39%,212MiB / 500MiB,otel-collector,937MB / 1.02GB,23,1553559294,2313911505
1001.543163,102kB / 3.88GB,64.20%,otel-collector,2b6b17a10381,42.57%,212.9MiB / 500MiB,otel-collector,946MB / 1.03GB,23,1568406250,2337163501
1011.562762,102kB / 3.89GB,61.19%,otel-collector,2b6b17a10381,42.28%,211.4MiB / 500MiB,otel-collector,955MB / 1.04GB,23,1585125605,2359003513
1021.548726,102kB / 3.95GB,63.61%,otel-collector,2b6b17a10381,42.60%,213MiB / 500MiB,otel-collector,965MB / 1.05GB,23,1600493450,2382305138
1031.537717,106kB / 3.99GB,31.43%,otel-collector,2b6b17a10381,42.38%,211.9MiB / 500MiB,otel-collector,973MB / 1.06GB,23,1614385229,2407262735
1041.548451,106kB / 4.03GB,12.01%,otel-collector,2b6b17a10381,43.57%,217.9MiB / 500MiB,otel-collector,980MB / 1.06GB,23,1626494070,2423000525
1051.535022,106kB / 4.06GB,61.21%,otel-collector,2b6b17a10381,41.54%,207.7MiB / 500MiB,otel-collector,989MB / 1.07GB,23,1641095756,2443721048
1061.591463,106kB / 4.1GB,63.31%,otel-collector,2b6b17a10381,42.54%,212.7MiB / 500MiB,otel-collector,999MB / 1.08GB,23,1658241125,2467234232
1071.533864,106kB / 4.13GB,29.77%,otel-collector,2b6b17a10381,42.23%,211.2MiB / 500MiB,otel-collector,1.01GB / 1.09GB,23,1673000501,2491472438
1081.563590,106kB / 4.16GB,52.29%,otel-collector,2b6b17a10381,42.21%,211.1MiB / 500MiB,otel-collector,1.02GB / 1.1GB,23,1686682820,2513935425
1091.535481,115kB / 4.2GB,41.16%,otel-collector,2b6b17a10381,41.90%,209.5MiB / 500MiB,otel-collector,1.03GB / 1.11GB,23,1701891039,2534185580
1101.536846,115kB / 4.25GB,55.03%,otel-collector,2b6b17a10381,42.08%,210.4MiB / 500MiB,otel-collector,1.03GB / 1.12GB,23,1715516146,2558265131
1111.533014,115kB / 4.27GB,52.00%,otel-collector,2b6b17a10381,42.52%,212.6MiB / 500MiB,otel-collector,1.04GB / 1.13GB,23,1728242476,2573530567
1121.595924,115kB / 4.31GB,29.85%,otel-collector,2b6b17a10381,41.99%,210MiB / 500MiB,otel-collector,1.05GB / 1.14GB,23,1741566904,2593772052
1131.563456,115kB / 4.35GB,35.32%,otel-collector,2b6b17a10381,43.29%,216.4MiB / 500MiB,otel-collector,1.06GB / 1.15GB,23,1755705410,2617084012
1141.535878,115kB / 4.39GB,58.28%,otel-collector,2b6b17a10381,42.23%,211.1MiB / 500MiB,otel-collector,1.07GB / 1.16GB,23,1772369195,2637181742
1151.589068,119kB / 4.41GB,34.65%,otel-collector,2b6b17a10381,42.45%,212.3MiB / 500MiB,otel-collector,1.08GB / 1.17GB,23,1787737440,2662381465
1161.593797,119kB / 4.45GB,55.29%,otel-collector,2b6b17a10381,42.67%,213.4MiB / 500MiB,otel-collector,1.09GB / 1.18GB,23,1803216569,2684838355
1171.550356,119kB / 4.49GB,45.51%,otel-collector,2b6b17a10381,42.75%,213.8MiB / 500MiB,otel-collector,1.09GB / 1.19GB,23,1815338647,2704323777
1181.546857,119kB / 4.52GB,32.77%,otel-collector,2b6b17a10381,43.15%,215.7MiB / 500MiB,otel-collector,1.1GB / 1.19GB,23,1828922213,2724053536
1191.540817,119kB / 4.56GB,59.84%,otel-collector,2b6b17a10381,42.74%,213.7MiB / 500MiB,otel-collector,1.11GB / 1.2GB,23,1842671276,2745528763
1201.567151,119kB / 4.6GB,35.50%,otel-collector,2b6b17a10381,43.05%,215.2MiB / 500MiB,otel-collector,1.12GB / 1.21GB,23,1855194085,2764676231
1211.536869,127kB / 4.61GB,68.37%,otel-collector,2b6b17a10381,43.02%,215.1MiB / 500MiB,otel-collector,1.13GB / 1.22GB,23,1871022542,2786704082
1221.539455,127kB / 4.65GB,42.75%,otel-collector,2b6b17a10381,43.09%,215.4MiB / 500MiB,otel-collector,1.14GB / 1.23GB,23,1886347332,2809834663
1231.535376,127kB / 4.68GB,25.65%,otel-collector,2b6b17a10381,43.25%,216.2MiB / 500MiB,otel-collector,1.14GB / 1.24GB,23,1898898661,2831647037
1241.533323,127kB / 4.71GB,47.77%,otel-collector,2b6b17a10381,42.38%,211.9MiB / 500MiB,otel-collector,1.15GB / 1.25GB,23,1911987831,2848794447
1251.567389,127kB / 4.77GB,39.80%,otel-collector,2b6b17a10381,43.88%,219.4MiB / 500MiB,otel-collector,1.16GB / 1.26GB,23,1926072049,2869762075
1261.547787,127kB / 4.79GB,36.55%,otel-collector,2b6b17a10381,43.19%,215.9MiB / 500MiB,otel-collector,1.17GB / 1.27GB,23,1941569748,2891908620
1271.537557,131kB / 4.84GB,54.90%,otel-collector,2b6b17a10381,43.61%,218.1MiB / 500MiB,otel-collector,1.18GB / 1.28GB,23,1956734510,2914402888
1281.598505,131kB / 4.88GB,59.06%,otel-collector,2b6b17a10381,42.45%,212.3MiB / 500MiB,otel-collector,1.19GB / 1.29GB,23,1973984801,2937876009
1291.579260,131kB / 4.93GB,64.29%,otel-collector,2b6b17a10381,43.91%,219.5MiB / 500MiB,otel-collector,1.2GB / 1.3GB,23,1990262342,2964080136
1301.539656,131kB / 4.97GB,54.09%,otel-collector,2b6b17a10381,44.20%,221MiB / 500MiB,otel-collector,1.21GB / 1.31GB,23,2005778659,2989845683
1311.568956,131kB / 5.01GB,58.30%,otel-collector,2b6b17a10381,43.05%,215.3MiB / 500MiB,otel-collector,1.22GB / 1.32GB,23,2021036334,3009719964
1321.531767,131kB / 5.05GB,37.23%,otel-collector,2b6b17a10381,43.15%,215.7MiB / 500MiB,otel-collector,1.22GB / 1.33GB,23,2035541108,3032994642
1331.556216,139kB / 5.07GB,32.42%,otel-collector,2b6b17a10381,42.88%,214.4MiB / 500MiB,otel-collector,1.23GB / 1.34GB,23,2052269249,3057092408
1341.553881,139kB / 5.11GB,40.05%,otel-collector,2b6b17a10381,42.60%,213MiB / 500MiB,otel-collector,1.24GB / 1.35GB,23,2069132435,3081041017
1351.545945,139kB / 5.16GB,55.05%,otel-collector,2b6b17a10381,43.14%,215.7MiB / 500MiB,otel-collector,1.25GB / 1.36GB,23,2084886733,3105520034
1361.558657,139kB / 5.2GB,35.90%,otel-collector,2b6b17a10381,42.85%,214.3MiB / 500MiB,otel-collector,1.26GB / 1.37GB,23,2100864016,3128731338
1371.531076,139kB / 5.22GB,39.45%,otel-collector,2b6b17a10381,43.43%,217.1MiB / 500MiB,otel-collector,1.27GB / 1.38GB,23,2113287474,3150217096
1381.542167,139kB / 5.28GB,29.59%,otel-collector,2b6b17a10381,42.41%,212.1MiB / 500MiB,otel-collector,1.28GB / 1.39GB,23,2127053542,3169641512
1391.538367,143kB / 5.28GB,77.49%,otel-collector,2b6b17a10381,43.36%,216.8MiB / 500MiB,otel-collector,1.29GB / 1.4GB,23,2143556836,3192842278
1401.545620,143kB / 5.34GB,54.26%,otel-collector,2b6b17a10381,43.82%,219.1MiB / 500MiB,otel-collector,1.3GB / 1.41GB,23,2159065391,3218299197
1411.551543,143kB / 5.38GB,55.04%,otel-collector,2b6b17a10381,43.01%,215.1MiB / 500MiB,otel-collector,1.31GB / 1.42GB,23,2175707219,3239572083
1421.553880,143kB / 5.42GB,58.61%,otel-collector,2b6b17a10381,43.32%,216.6MiB / 500MiB,otel-collector,1.32GB / 1.43GB,23,2192376769,3266064235
1431.534241,143kB / 5.47GB,51.37%,otel-collector,2b6b17a10381,43.11%,215.5MiB / 500MiB,otel-collector,1.33GB / 1.44GB,23,2207167643,3290661770
1441.532521,143kB / 5.49GB,44.41%,otel-collector,2b6b17a10381,43.58%,217.9MiB / 500MiB,otel-collector,1.33GB / 1.45GB,23,2220598613,3309706423
1451.555839,152kB / 5.54GB,52.80%,otel-collector,2b6b17a10381,42.89%,214.5MiB / 500MiB,otel-collector,1.34GB / 1.46GB,23,2234948344,3330251223
1461.546419,152kB / 5.54GB,51.12%,otel-collector,2b6b17a10381,42.67%,213.4MiB / 500MiB,otel-collector,1.35GB / 1.47GB,23,2250831902,3352512981
1471.575429,152kB / 5.58GB,61.56%,otel-collector,2b6b17a10381,43.35%,216.7MiB / 500MiB,otel-collector,1.36GB / 1.48GB,23,2265832431,3375644982
1481.541017,152kB / 5.65GB,74.01%,otel-collector,2b6b17a10381,42.88%,214.4MiB / 500MiB,otel-collector,1.37GB / 1.49GB,23,2282563733,3400364208
1491.534793,152kB / 5.69GB,61.12%,otel-collector,2b6b17a10381,43.28%,216.4MiB / 500MiB,otel-collector,1.38GB / 1.5GB,23,2298528718,3424104341
1501.545461,152kB / 5.74GB,53.54%,otel-collector,2b6b17a10381,42.70%,213.5MiB / 500MiB,otel-collector,1.39GB / 1.51GB,23,2311841428,3447896899
1511.565360,156kB / 5.77GB,46.20%,otel-collector,2b6b17a10381,43.49%,217.4MiB / 500MiB,otel-collector,1.4GB / 1.51GB,23,2327144061,3466796944
1521.547973,156kB / 5.77GB,62.47%,otel-collector,2b6b17a10381,42.27%,211.4MiB / 500MiB,otel-collector,1.41GB / 1.52GB,23,2342465847,3491304637
1531.524431,156kB / 5.81GB,52.80%,otel-collector,2b6b17a10381,40.57%,202.8MiB / 500MiB,otel-collector,1.41GB / 1.53GB,23,2357485939,3513215233
1541.530767,156kB / 5.88GB,37.38%,otel-collector,2b6b17a10381,40.82%,204.1MiB / 500MiB,otel-collector,1.42GB / 1.55GB,23,2374191586,3536793601
1551.538009,156kB / 5.92GB,54.90%,otel-collector,2b6b17a10381,41.15%,205.7MiB / 500MiB,otel-collector,1.43GB / 1.56GB,23,2390057041,3560723359
1561.562577,156kB / 5.96GB,59.88%,otel-collector,2b6b17a10381,42.60%,213MiB / 500MiB,otel-collector,1.44GB / 1.57GB,23,2406623486,3584510697
1571.535375,164kB / 6GB,31.39%,otel-collector,2b6b17a10381,41.55%,207.8MiB / 500MiB,otel-collector,1.45GB / 1.57GB,23,2417000541,3604788166
1581.533835,164kB / 6.04GB,57.77%,otel-collector,2b6b17a10381,42.01%,210.1MiB / 500MiB,otel-collector,1.46GB / 1.58GB,23,2432506201,3626052694
1591.532706,164kB / 6.04GB,40.68%,otel-collector,2b6b17a10381,42.92%,214.6MiB / 500MiB,otel-collector,1.47GB / 1.59GB,23,2449077204,3649032315
1601.542145,164kB / 6.08GB,62.24%,otel-collector,2b6b17a10381,43.41%,217.1MiB / 500MiB,otel-collector,1.48GB / 1.6GB,23,2463987919,3672526504
1611.602120,164kB / 6.14GB,58.71%,otel-collector,2b6b17a10381,43.03%,215.1MiB / 500MiB,otel-collector,1.49GB / 1.61GB,23,2480326096,3695752431
1621.585813,164kB / 6.19GB,61.13%,otel-collector,2b6b17a10381,41.30%,206.5MiB / 500MiB,otel-collector,1.5GB / 1.62GB,23,2495804750,3718217074
1631.557590,168kB / 6.23GB,33.44%,otel-collector,2b6b17a10381,43.78%,218.9MiB / 500MiB,otel-collector,1.51GB / 1.63GB,23,2509228239,3742111645
1641.546983,168kB / 6.26GB,40.17%,otel-collector,2b6b17a10381,43.59%,217.9MiB / 500MiB,otel-collector,1.51GB / 1.64GB,23,2523300289,3760423314
1651.549608,168kB / 6.3GB,37.56%,otel-collector,2b6b17a10381,42.55%,212.8MiB / 500MiB,otel-collector,1.52GB / 1.65GB,23,2539111420,3782407205
1661.538955,168kB / 6.3GB,62.17%,otel-collector,2b6b17a10381,42.89%,214.4MiB / 500MiB,otel-collector,1.53GB / 1.66GB,23,2555181766,3807516620
1671.551288,168kB / 6.35GB,64.15%,otel-collector,2b6b17a10381,42.84%,214.2MiB / 500MiB,otel-collector,1.54GB / 1.67GB,23,2571052508,3830521951
1681.527393,168kB / 6.41GB,51.02%,otel-collector,2b6b17a10381,43.42%,217.1MiB / 500MiB,otel-collector,1.55GB / 1.68GB,23,2587139364,3854839989
1691.535259,176kB / 6.45GB,63.85%,otel-collector,2b6b17a10381,42.54%,212.7MiB / 500MiB,otel-collector,1.56GB / 1.69GB,23,2602772359,3878915069
1701.547738,176kB / 6.49GB,31.20%,otel-collector,2b6b17a10381,43.58%,217.9MiB / 500MiB,otel-collector,1.57GB / 1.7GB,23,2614682868,3899729314
1711.565033,176kB / 6.52GB,63.73%,otel-collector,2b6b17a10381,43.17%,215.8MiB / 500MiB,otel-collector,1.58GB / 1.71GB,23,2629504056,3918660583
1721.527638,176kB / 6.56GB,68.10%,otel-collector,2b6b17a10381,43.11%,215.6MiB / 500MiB,otel-collector,1.59GB / 1.72GB,23,2644212872,3939971031
1731.584199,176kB / 6.58GB,37.01%,otel-collector,2b6b17a10381,43.79%,218.9MiB / 500MiB,otel-collector,1.59GB / 1.73GB,23,2659442718,3964827562
1741.534048,176kB / 6.62GB,65.84%,otel-collector,2b6b17a10381,43.16%,215.8MiB / 500MiB,otel-collector,1.6GB / 1.74GB,23,2675563860,3986418402
1751.532421,184kB / 6.66GB,31.03%,otel-collector,2b6b17a10381,43.99%,219.9MiB / 500MiB,otel-collector,1.61GB / 1.75GB,23,2691373586,4010007266
1761.533089,184kB / 6.69GB,51.10%,otel-collector,2b6b17a10381,43.69%,218.5MiB / 500MiB,otel-collector,1.62GB / 1.76GB,23,2705898975,4031904651
1771.552697,184kB / 6.72GB,36.73%,otel-collector,2b6b17a10381,42.73%,213.7MiB / 500MiB,otel-collector,1.63GB / 1.77GB,23,2718604608,4050560483
1781.533472,184kB / 6.76GB,53.51%,otel-collector,2b6b17a10381,43.43%,217.1MiB / 500MiB,otel-collector,1.64GB / 1.78GB,23,2733138725,4074573239
1791.571915,184kB / 6.8GB,45.06%,otel-collector,2b6b17a10381,44.11%,220.5MiB / 500MiB,otel-collector,1.65GB / 1.79GB,23,2748232015,4096013514
